"","x"
"1",<tibble[,45]>
"2",<tibble[,45]>
"3",<tibble[,45]>
"4",<tibble[,45]>
"5",<tibble[,45]>
"6",<tibble[,45]>
"7",<tibble[,45]>
"8",<tibble[,45]>
"9",<tibble[,45]>
"10",<tibble[,45]>
"11",<tibble[,45]>
"12",<tibble[,45]>
"13",<tibble[,45]>
"14",<tibble[,45]>
"15",<tibble[,45]>
"16",<tibble[,45]>
"17",<tibble[,45]>
"18",<tibble[,45]>
"19",<tibble[,45]>
"20",<tibble[,45]>
"21",<tibble[,45]>
"22",<tibble[,45]>
"23",<tibble[,45]>
"24",<tibble[,45]>
"25",<tibble[,45]>
"26",<tibble[,45]>
"27",<tibble[,45]>
"28",<tibble[,45]>
"29",<tibble[,45]>
"30",<tibble[,45]>
"31",<tibble[,45]>
"32",<tibble[,45]>
"33",<tibble[,45]>
"34",<tibble[,45]>
"35",<tibble[,45]>
"36",<tibble[,45]>
"37",<tibble[,45]>
"38",<tibble[,45]>
"39",<tibble[,45]>
"40",<tibble[,45]>
"41",<tibble[,45]>
"42",<tibble[,45]>
"43",<tibble[,45]>
"44",<tibble[,45]>
"45",<tibble[,45]>
"46",<tibble[,45]>
"47",<tibble[,45]>
"48",<tibble[,45]>
"49",<tibble[,45]>
"50",<tibble[,45]>
"51",<tibble[,45]>
"52",<tibble[,45]>
"53",<tibble[,45]>
"54",<tibble[,45]>
"55",<tibble[,45]>
"56",<tibble[,45]>
"57",<tibble[,45]>
"58",<tibble[,45]>
"59",<tibble[,45]>
"60",<tibble[,45]>
"61",<tibble[,45]>
"62",<tibble[,45]>
"63",<tibble[,45]>
"64",<tibble[,45]>
"65",<tibble[,45]>
"66",<tibble[,45]>
"67",<tibble[,45]>
"68",<tibble[,45]>
"69",<tibble[,45]>
"70",<tibble[,45]>
"71",<tibble[,45]>
"72",<tibble[,45]>
"73",<tibble[,45]>
"74",<tibble[,45]>
"75",<tibble[,45]>
"76",<tibble[,45]>
"77",<tibble[,45]>
"78",<tibble[,45]>
"79",<tibble[,45]>
"80",<tibble[,45]>
"81",<tibble[,45]>
"82",<tibble[,45]>
"83",<tibble[,45]>
"84",<tibble[,45]>
"85",<tibble[,45]>
"86",<tibble[,45]>
"87",<tibble[,45]>
"88",<tibble[,45]>
"89",<tibble[,45]>
"90",<tibble[,45]>
"91",<tibble[,45]>
"92",<tibble[,45]>
"93",<tibble[,45]>
"94",<tibble[,45]>
"95",<tibble[,45]>
"96",<tibble[,45]>
"97",<tibble[,45]>
"98",<tibble[,45]>
"99",<tibble[,45]>
"100",<tibble[,45]>
"101",<tibble[,45]>
"102",<tibble[,45]>
"103",<tibble[,45]>
"104",<tibble[,45]>
"105",<tibble[,45]>
"106",<tibble[,45]>
"107",<tibble[,45]>
"108",<tibble[,45]>
"109",<tibble[,45]>
"110",<tibble[,45]>
"111",<tibble[,45]>
"112",<tibble[,45]>
"113",<tibble[,45]>
"114",<tibble[,45]>
"115",<tibble[,45]>
"116",<tibble[,45]>
"117",<tibble[,45]>
"118",<tibble[,45]>
"119",<tibble[,45]>
"120",<tibble[,45]>
"121",<tibble[,45]>
"122",<tibble[,45]>
"123",<tibble[,45]>
"124",<tibble[,45]>
"125",<tibble[,45]>
"126",<tibble[,45]>
"127",<tibble[,45]>
"128",<tibble[,45]>
"129",<tibble[,45]>
"130",<tibble[,45]>
"131",<tibble[,45]>
"132",<tibble[,45]>
"133",<tibble[,45]>
"134",<tibble[,45]>
"135",<tibble[,45]>
"136",<tibble[,45]>
"137",<tibble[,45]>
"138",<tibble[,45]>
"139",<tibble[,45]>
"140",<tibble[,45]>
"141",<tibble[,45]>
"142",<tibble[,45]>
"143",<tibble[,45]>
"144",<tibble[,45]>
"145",<tibble[,45]>
"146",<tibble[,45]>
"147",<tibble[,45]>
"148",<tibble[,45]>
"149",<tibble[,45]>
"150",<tibble[,45]>
"151",<tibble[,45]>
"152",<tibble[,45]>
